,precision,recall,f1-score
Dropout,0.7969348659003831,0.7323943661971831,0.763302752293578
Enrolled,0.5284552845528455,0.4088050314465409,0.46099290780141844
Graduate,0.7964071856287425,0.9027149321266968,0.8462354188759279
